{"cameraMode":{"drawMode":0,"name":"Shaded","section":"Shading Mode"},"sceneLighting":true,"audioPlay":false,"sceneViewState":{"m_AlwaysRefresh":false,"showFog":true,"showSkybox":true,"showFlares":true,"showImageEffects":true,"showParticleSystems":true,"showVisualEffectGraphs":true,"m_FxEnabled":true},"in2DMode":false,"pivot":{"x":9.168048858642579,"y":0.9517194628715515,"z":0.14328062534332276},"rotation":{"x":0.14723911881446839,"y":-0.8275360465049744,"z":0.2549072504043579,"w":0.47798940539360049},"size":2.514467477798462,"orthographic":false}